id;transaction_id;requested_by;requested_on;number_of_records;request_type;test_type;api_url;data_format
1;opposite mechanically whereas;hypothesise;2026-06-02T17:28:04;14901;psst jet pfft;chilly briskly in;regarding;confound
2;impartial amongst;abnormally;2026-06-02T11:47:03;15128;mask though;deduction;mmm;ew
3;ick;separately;2026-06-02T01:49:49;26055;mortally instead powerless;depend likely honesty;abaft gad why;nor provided yahoo
4;hm mantua pants;unto;2026-06-02T07:59:47;3198;pronoun;failing hastily;second;eminent
5;whereas granular;boohoo;2026-06-02T04:17:11;1570;meanwhile;opposite behind tenderly;along boss ouch;because shark when
6;surprisingly;athwart;2026-06-02T17:27:19;3852;surge after gift;beside guidance humidity;naughty usable;now even meanwhile
7;solution than vacantly;atrium;2026-06-01T21:23:11;27778;nor toward;ack graceful;opposite;mount amid design
8;and until;including solemnly;2026-06-02T17:16:21;24114;border oh safely;whether now;an elegantly;spice following doubtfully
9;rebuke over neat;inasmuch;2026-06-02T03:27:13;12618;consequently carefree especially;procrastinate insidious;judgementally tighten;orchestrate sympathetically inject
10;butter anguished;phew icy;2026-06-02T11:00:10;18088;unlike captain;because idolized;trash a joy;angrily institute
