id;name;status;excellence_count;participation_count;skipped_count;download_url;error_message;approved_by;approved_on
1;suspiciously video bus;GENERATING;10975;30087;569;forenenst jut rewrite;the completion;clavicle;2026-06-02T12:42:51
2;pish ah drat;DISTRIBUTED;25309;7964;28909;meanwhile;CD gosh;until;2026-06-02T11:03:07
3;fatally;DISTRIBUTING;22338;8247;31517;till;duh while;shrill encode;2026-06-02T07:03:48
4;pillow refine beyond;DISTRIBUTING;24416;7203;7181;terrible;dispense bitter which;when finally;2026-06-02T19:58:24
5;young whoever genuine;DISTRIBUTING;5806;1258;17954;shudder once;stump once enchanting;cautious deeply;2026-06-02T11:58:51
6;than tenderly;PENDING;17293;15562;28031;overproduce;swathe;mallard vicinity;2026-06-02T13:36:03
7;after reboot;FAILED;10812;7156;7459;bracelet along why;uh-huh switchboard;swat whoa;2026-06-02T02:20:46
8;meanwhile woefully;GENERATED;2011;20104;11427;er out;discourse leap;easily shudder brr;2026-06-02T09:26:57
9;so;GENERATED;1946;4197;22724;phew faithfully;immaculate restfully;foretell;2026-06-02T01:05:30
10;clinch ack;DISTRIBUTED;22642;17949;12792;fatherly drain;which;solidly admonish;2026-06-02T17:47:47
