id;first_name;last_name;institute;primary_email;secondary_email;phone;mobile;language;role;status;qc_access;view_only_access;enable_test_response_date;enable_mode_of_receipt;force_profile_check
1;Vernon;Klein;amongst;"Y]@bA.HoL";"He@:..'\w";257-417-4179 x850;hmph within energetically;minus unlike;MANAGER;ACTIVE;true;true;false;true;true
2;Ivan;Jacobs;regarding majority;"}0@;N>.maQ`";"9@V.0F1.17";781.863.5357 x501;unnaturally fatally;colorful bar;MANAGER;INACTIVE;true;false;false;false;true
3;Essie;Beahan;whereas by ambitious;".D@{~.(Vc.v]/#E";"^@'f.^e%Ym";554.543.6382 x794;boldly untrue;mouser stealthily international;PTCC;ACTIVE;true;true;false;false;true
4;Marcelino;Larkin;strategy indeed duh;"{]P@d!{b&.;Y3a5";"_:Z~j[@=43./;m";1-562-714-8940;realistic aside;maestro;MANAGER;PENDING;true;true;false;true;true
5;Shanon;Heathcote;toward reproachfully perfection;"e!5>Z@^-p_.Jk";"!@.,=iY.kpn]c";909.596.3092 x728;what defiantly;phew personalise exactly;MANAGER;PENDING;false;false;true;false;true
6;Karla;McKenzie;geez aggressive;"Z'Z@4i0\*.Q0+";"*a9@RE.M/`(";(732) 701-4822 x018;fold yuck;chatter jaunty quixotic;PTCC;INACTIVE;false;true;false;false;false
7;Reina;Beatty;expense;"'=@Z[;.[8*g3";"(NY-@*bBT%.(zo'";(864) 651-7198 x020;a;husk;MANAGER;PENDING;true;true;true;true;true
8;Gilda;Cruickshank;inquisitively unethically imaginary;"\i@t.N";"T2GeT<@jKUa^A.y=yqh";1-884-637-0524 x0598;categorise pish;legislature;MANAGER;ACTIVE;false;false;true;true;false
9;Kellie;Wuckert;even freely;"{6@v!?_:M.^C*1/";">KkBe*@Gj.Efv>";(878) 413-3411 x06257;pish pleasure;striking yellow freckle;PTCC;PENDING;false;true;true;false;false
10;Gerald;Wolff;absent;"M3Z@7Qr.CxG&x";"K@q0O.L";580-964-2288 x33979;role robust unfinished;lampoon accidentally first;MANAGER;INACTIVE;true;true;true;true;false
