id;name;link;logo_ref;sort_order;status
1;kookily;obediently ah repeatedly;but so;22678;PUBLISHED
2;rationalize;evenly;jazz familiarize emotional;13463;ARCHIVED
3;anti nervously;unnaturally steel;vacantly;32323;DRAFT
4;hence;prohibition presume keel;yarmulke aha;5992;DRAFT
5;deplore vice against;hurtful what;smart;5991;DRAFT
6;aw ready;opposite;modulo;19651;ARCHIVED
7;gah gah next;gosh;however;29433;DRAFT
8;arcade joint cheese;intermix;queasily;26985;DRAFT
9;where and uh-huh;agitated;aboard;11919;DRAFT
10;huzzah overcharge;delight telescope;pfft whose;13650;ARCHIVED
