id;report_header;logo;logo_right;layout;format;top_margin;institute_address_position
1;vainly;likewise meaningfully thick;inside absent;runway spellcheck;pish yak wallaby;2404;ugh ack
2;dash handful;hence yuck now;profitable;quickly whoever platypus;moist;1181;rotten
3;next;petticoat upright;flawed from;ape;vol final;28778;unnecessarily highly
4;excitable unbearably blindly;median a;regal tribe above;certify brr often;zowie often;28632;jealously content whereas
5;whoa;meanwhile that;however director until;although eke;powerfully huzzah;21134;oddly which
6;innocent who;unabashedly given athwart;whereas deer past;decisive perfectly;ski fooey pricey;10555;linseed elver whose
7;whereas;barge as manage;woot however upright;bog before;onto severe;31308;decisive rim
8;who upon bend;mature aw;putrid brr alongside;whenever knavishly than;fatherly than;31454;guilt inasmuch
9;when;jealously who;likely sentimental;t-shirt;cuddly throughout;8136;spear
10;stitcher gee boastfully;calculus;yowza bemuse;pish;yuck;21418;generously agile
