id;code;shipment_date;response_deadline;responses_open;auto_close_at_deadline;allow_editing_response;issuing_authority;coordinator_name;coordinator_email;coordinator_phone;number_of_samples;max_score;status;attributes;reports_generated_at;finalized_at;scheme_id
1;sand authorized;2026-06-02;2026-06-01T23:00:30;false;false;false;since owlishly ew;hmph lawful gah;"7_6@en.&O";sushi;31645;16796;READY;../fake-data/blob/hipster.txt;2026-06-02T01:25:53;2026-06-02T19:43:35;1
2;likewise;2026-06-02;2026-06-02T00:01:43;false;true;true;overload hoof;sizzling sheepishly amongst;"3(qs@Y-.#q";yippee pish;4095;15636;CONFIGURED;../fake-data/blob/hipster.txt;2026-06-02T16:08:56;2026-06-02T18:57:07;2
3;intermesh;2026-06-02;2026-06-02T20:48:39;true;false;false;consequently;outdo;"j@$W#X!.%";entire until;21754;22699;SHIPPED;../fake-data/blob/hipster.txt;2026-06-01T22:53:29;2026-06-01T23:07:36;3
4;endow;2026-06-02;2026-06-02T06:22:13;true;false;false;pfft per;busily;"_XhL(@3.Fnq";while at birth;19845;14467;QUEUED;../fake-data/blob/hipster.txt;2026-06-02T01:05:19;2026-06-02T03:57:55;4
5;ugh;2026-06-02;2026-06-02T10:00:22;false;true;false;pink cute;whoa average;"r<AfeA@uBg.Gkau\";downchange;6627;25465;CONFIGURED;../fake-data/blob/hipster.txt;2026-06-02T13:33:06;2026-06-02T00:57:09;5
6;fortunately widow;2026-06-01;2026-06-01T21:27:26;false;false;false;wear boohoo;meanwhile politely;"R@9.-";consequently after;25266;16500;CONFIGURED;../fake-data/blob/hipster.txt;2026-06-02T00:01:12;2026-06-02T14:55:33;6
7;ultimately exacerbate drat;2026-06-02;2026-06-01T22:53:48;true;true;true;notwithstanding bell brr;ha nor pack;"M3k9@gv=?.b9g;f";beautifully;30549;26286;CONFIGURED;../fake-data/blob/hipster.txt;2026-06-02T12:18:07;2026-06-02T11:49:45;7
8;fall outside;2026-06-02;2026-06-02T10:31:31;true;true;true;that uh-huh duh;uh-huh aha;"Em4p@4.+3";quaff rich;314;27984;RESPONSES_CLOSED;../fake-data/blob/hipster.txt;2026-06-02T11:24:33;2026-06-02T15:39:58;8
9;rich wise inasmuch;2026-06-02;2026-06-02T12:16:04;false;true;false;brave;sizzle barring;".@,(2!.w.";understanding partridge towards;17349;13989;CONFIGURED;../fake-data/blob/hipster.txt;2026-06-02T10:10:00;2026-06-02T11:58:01;9
10;per;2026-06-02;2026-06-01T21:58:26;false;true;false;arcade;obediently;"J@4v>`.ZsJ^e";similar coop including;2660;3322;DRAFT;../fake-data/blob/hipster.txt;2026-06-02T07:44:32;2026-06-02T11:51:18;10
